alter session set nls_date_format = 'yyyy/mm/dd';

/*1. A_TWORCA: ID_TWORCA, IMIE, NAZWISKO, DATA_UR - gotowe*/
INSERT INTO A_TWORCA VALUES (1, 'NINO', 'ROTA', '1911/12/03');
INSERT INTO A_TWORCA VALUES (2, 'MARLON', 'BRANDO', '1924/04/03');
INSERT INTO A_TWORCA VALUES (3, 'BRAD', 'PITT', '1963/12/18');
INSERT INTO A_TWORCA VALUES (4, 'TOBE', 'HOOPER', '1943/01/25');
INSERT INTO A_TWORCA VALUES (5, 'CHRISTOPHER', 'NOLAN', '1970/07/30');
INSERT INTO A_TWORCA VALUES (6, 'GARY', 'OLDMAN', '1958/03/21');
--------------------------------------------------------------------------------------------------------------
/*2. A_UZYTKOWNIK: NAZWA_UZYTK, EMAIL - gotowe*/
INSERT INTO A_UZYTKOWNIK VALUES ('ZDZICHU15', 'ZDZICHU15@WP.PL');
INSERT INTO A_UZYTKOWNIK VALUES ('MLODZIAK99', 'MLODZIAK99@buziaczek.pl');
INSERT INTO A_UZYTKOWNIK VALUES ('SPAMER69', 'SPAMER69@MAIL.RU');
INSERT INTO A_UZYTKOWNIK VALUES ('KONESER', 'KONESER@FILMWEB.PL');
--------------------------------------------------------------------------------------------------------------
/*3. A_GATUNEK: ID_GATUNEK, NAZWA_GATUNKU, OPIS - gotowe*/
INSERT INTO A_GATUNEK VALUES (1, 'DRAMAT', 'ZAPOZYCZONE Z LITERATURY OKRESLENIE FILMOW, KTORYCH NIE DA SIE ZAKWALIFIKOWAC DO OKRESLONYCH GATUNKOW FILMOWYCH.');
INSERT INTO A_GATUNEK VALUES (2, 'THRILLER', 'RODZAJ FILMU SENSACYJNEGO, MAJACEGO WYWOLAC U WIDZA DRESZCZ EMOCJI. WYKORZYSTUJE ON NAPIECIE, NIEPEWNOSC I TAJEMNICZOSC JAKO GLOWNE ELEMENTY UTWORU.');
INSERT INTO A_GATUNEK VALUES (3, 'HORROR', 'CELEM FILMOWEGO HORRORU JEST WYWOLANIE U WIDZA KLIMATU GROZY, NIEPOKOJU LUB OBRZYDZENIA I SZOKU. ELEMENTEM, DZIEKI KTOREMU MOZNA ROZROZNIæ TAKI RODZAJ HORRORU OD THRILLERA, JEST POZIOM PRZEMOCY W NIM ZAWARTY I LICZNA OBECNOSC SCEN GORE.');
INSERT INTO A_GATUNEK VALUES (4, 'AKCJA', 'FILM SENSACYJNY, KTOREGO GLOWNYM ZADANIEM JEST DOSTARCZANIE ROZRYWKI WIDZOM POPRZEZ POKAZYWANIE POSCIGOW SAMOCHODOWYCH, STRZELANIN, BIJATYK I INNYCH SCEN KASKADERSKICH O DUZYM LADUNKU NAPIECIA I EMOCJI.');
--------------------------------------------------------------------------------------------------------------
/*4. A_NAGRODA: ID_NAGRODA, NAZWA_NAGRODY - gotowe*/
INSERT INTO A_NAGRODA VALUES (1, 'OSCAR');
INSERT INTO A_NAGRODA VALUES (2, 'ZLOTY GLOB');
INSERT INTO A_NAGRODA VALUES (3, 'SATURN');
INSERT INTO A_NAGRODA VALUES (4, 'CAMERIMAGE');
--------------------------------------------------------------------------------------------------------------
/*5. A_FILM: ID_FILM, TYTUL, DATA_PREMIERY, OPIS, DLUGOSC, KRAJ_PRODUKCJI, ID_GATUNEK - gotowe*/
INSERT INTO A_FILM VALUES (1, 'OJCIEC CHRZESTNY', '1972/12/31', 'OPOWIESC O NOWOJORSKIEJ RODZINIE MAFIJNEJ. STARZEJACY SIE DON CORLEONE PRAGNIE PRZEKAZAC WLADZE SWOJEMU SYNOWI.', 175, 'USA', 1);
INSERT INTO A_FILM VALUES (2, 'MROCZNY RYCERZ', '2008/07/14', 'BATMAN, Z POMOCA PORUCZNIKA GORDONA ORAZ PROKURATORA HERVEYA DENTA, WYSTEPUJE PRZECIWKO PRZERAZAJACEMU I NIEOBLICZALNEMU JOKEROWI, KTORY CHCE POGRAZYC GOTHAM CITY W CHAOSIE.', 152, 'USA', 4);
INSERT INTO A_FILM VALUES (3, 'TEKSANSKA MASAKRA PILA MECH.', '1974/10/1', 'W TRAKCIE WAKACJI FRANKLIN Z PRZYJACIOLMI WYBIERA SIE DO RODZINNEGO DOMU. PO PRZYBYCIU NA MIEJSCE ZNAJOMI ZNIKAJA.', 83, 'USA', 3);
INSERT INTO A_FILM VALUES (4, 'PODZIEMNY KRAG', '1999/09/10', 'DWOCH MEZCZYZN ZNUDZONYCH RUTYNA ZAKLADA KLUB, W KTORYM CO TYDZIEN ODBYWAJA SIE WALKI NA GOLE PIESCI.', 139, 'NIEMCY', 2);
--------------------------------------------------------------------------------------------------------------
/*6. A_FILM_NAGRODA: ROK, ID_NAGRODA, ID_FILM, KATEGORIA - gotowe*/
INSERT INTO A_FILM_NAGRODA VALUES ('1984/1/1', 1, 4, 'FILM');
INSERT INTO A_FILM_NAGRODA VALUES ('2005/1/1', 2, 3, 'MUZYKA');
INSERT INTO A_FILM_NAGRODA VALUES ('1973/1/1', 3, 2, 'REZYSERIA');
INSERT INTO A_FILM_NAGRODA VALUES ('1999/1/1', 4, 1, 'FILM');
INSERT INTO A_FILM_NAGRODA VALUES ('2000/1/1', 1, 2, 'SCENARIUSZ');
INSERT INTO A_FILM_NAGRODA VALUES ('2013/1/1', 2, 4, 'SCENARIUSZ');
INSERT INTO A_FILM_NAGRODA VALUES ('2004/1/1', 3, 4, 'FILM');
INSERT INTO A_FILM_NAGRODA VALUES ('1975/1/1', 4, 2, 'MUZYKA');
INSERT INTO A_FILM_NAGRODA VALUES ('1987/1/1', 1, 3, 'ROLA PIERWSZOPLANOWA');
INSERT INTO A_FILM_NAGRODA VALUES ('2005/1/1', 2, 1, 'ZDJECIA');
INSERT INTO A_FILM_NAGRODA VALUES ('2004/1/1', 3, 3, 'SCENOGRAFIA');
INSERT INTO A_FILM_NAGRODA VALUES ('1984/1/1', 4, 3, 'FILM');
--------------------------------------------------------------------------------------------------------------
/*7. A_FILM_OCENA: UZYTKOWNIK, FILM, OCENA - gotowe*/
INSERT INTO A_FILM_OCENA VALUES ('ZDZICHU15', 1, 0.5);
INSERT INTO A_FILM_OCENA VALUES ('ZDZICHU15', 2, 0.7);
INSERT INTO A_FILM_OCENA VALUES ('ZDZICHU15', 3, 0.2);
INSERT INTO A_FILM_OCENA VALUES ('MLODZIAK99', 2, 0.9);
INSERT INTO A_FILM_OCENA VALUES ('MLODZIAK99', 3, 0.9);
INSERT INTO A_FILM_OCENA VALUES ('MLODZIAK99', 4, 0.5);
INSERT INTO A_FILM_OCENA VALUES ('SPAMER69', 3, 0.1);
INSERT INTO A_FILM_OCENA VALUES ('SPAMER69', 4, 0.4);
INSERT INTO A_FILM_OCENA VALUES ('SPAMER69', 1, 0.8);
INSERT INTO A_FILM_OCENA VALUES ('SPAMER69', 2, 0.3);
INSERT INTO A_FILM_OCENA VALUES ('KONESER', 1, 0.5);
INSERT INTO A_FILM_OCENA VALUES ('KONESER', 2, 0.4);
--------------------------------------------------------------------------------------------------------------
/*8. A_FILM_TWORCA: FUNKCJA, ID_TWORCA, ID_FILM - gotowe*/
INSERT INTO A_FILM_TWORCA VALUES ('MUZYKA', 1, 1);
INSERT INTO A_FILM_TWORCA VALUES ('AKTOR', 2, 1);
INSERT INTO A_FILM_TWORCA VALUES ('REZYSER', 4, 3);
INSERT INTO A_FILM_TWORCA VALUES ('AKTOR', 3, 4);
INSERT INTO A_FILM_TWORCA VALUES ('REZYSER', 5, 2);
INSERT INTO A_FILM_TWORCA VALUES ('AKTOR', 6, 2);
INSERT INTO A_FILM_TWORCA VALUES ('AKTOR', 2, 3);
INSERT INTO A_FILM_TWORCA VALUES ('AKTOR', 5, 1);

COMMIT;