
/*
Ta wersja pozwala na pokazanie ró¿nicy pomiêdzy pracownikami zarabiaj¹cymi najmniej w swoich departamentach i tymi,
którzy zarabiaja tyle, ile wynosz¹ najni¿sze p³ace w departamentach. Mo¿na te¿ pokazaæ LEFT, RIGHT i FULL JOIN na
pracownikach i departamentach
*/

set termout on
prompt Building demonstration tables.  Please wait.
set termout off
set feedback off

ALTER SESSION SET NLS_LANGUAGE = AMERICAN;
ALTER SESSION SET NLS_TERRITORY = AMERICA;
alter session set nls_date_format='RR/MM/DD';

DROP TABLE EMP;
DROP TABLE DEPT;
DROP TABLE BONUS;
DROP TABLE SALGRADE;
DROP TABLE DUMMY;

CREATE TABLE DEPT
       (DEPTNO NUMBER(2) primary key,
        DNAME VARCHAR2(14),
        LOC VARCHAR2(13) );

INSERT INTO DEPT VALUES
        (10,'ACCOUNTING','NEW YORK');
INSERT INTO DEPT VALUES (20,'RESEARCH','DALLAS');
INSERT INTO DEPT VALUES
        (30,'SALES','CHICAGO');
INSERT INTO DEPT VALUES
        (40,'OPERATIONS','BOSTON');


CREATE TABLE EMP
       (EMPNO NUMBER(4) primary key,
        ENAME VARCHAR2(10),
        JOB VARCHAR2(9),
        MGR NUMBER(4),
        HIREDATE DATE,
        SAL NUMBER(7,2),
        COMM NUMBER(7,2),
        DEPTNO NUMBER(2) references dept(deptno));

INSERT INTO EMP VALUES
        (7369,'SMITH','CLERK',7902,'80/10/17',800,NULL,NULL);
INSERT INTO EMP VALUES
        (7499,'ALLEN','SALESMAN',7698,'81/02/20',1600,300,30);
INSERT INTO EMP VALUES
        (7521,'WARD','SALESMAN',7698,'81/02/22',1250,500,30);
INSERT INTO EMP VALUES
        (7566,'JONES','MANAGER',7839,'81/04/02',2975,NULL,20);
INSERT INTO EMP VALUES
        (7654,'MARTIN','SALESMAN',7698,'81/09/28',1250,1400,30);
INSERT INTO EMP VALUES
        (7698,'BLAKE','MANAGER',7839,'81/05/01',2850,NULL,30);
INSERT INTO EMP VALUES
        (7782,'CLARK','MANAGER',7839,'81/06/09',2450,NULL,10);
INSERT INTO EMP VALUES
        (7788,'SCOTT','ANALYST',7566,'82/10/09',3000,NULL,20);
INSERT INTO EMP VALUES
        (7839,'KING','PRESIDENT',NULL,'81/11/17',5000,NULL,10);
INSERT INTO EMP VALUES
        (7844,'TURNER','SALESMAN',7698,'81/09/08',1100,0,30);
INSERT INTO EMP VALUES
        (7876,'ADAMS','CLERK',7788,'83/01/12',1100,NULL,20);
INSERT INTO EMP VALUES
        (7900,'JAMES','CLERK',7698,'81/10/03',950,NULL,30);
INSERT INTO EMP VALUES
        (7902,'FORD','ANALYST',7566,'81/10/03',3000,NULL,20);
INSERT INTO EMP VALUES
        (7934,'MILLER','CLERK',7782,'82/01/23',1300,NULL,10);

CREATE TABLE BONUS
        (
        ENAME VARCHAR2(10),
        JOB VARCHAR2(9),
        SAL NUMBER,
        COMM NUMBER
        );

CREATE TABLE SALGRADE
      ( GRADE NUMBER,
        LOSAL NUMBER,
        HISAL NUMBER );

INSERT INTO SALGRADE VALUES (1,700,1200);
INSERT INTO SALGRADE VALUES (2,1201,1400);
INSERT INTO SALGRADE VALUES (3,1401,2000);
INSERT INTO SALGRADE VALUES (4,2001,3000);
INSERT INTO SALGRADE VALUES (5,3001,9999);

CREATE TABLE DUMMY
      ( DUMMY NUMBER );

INSERT INTO DUMMY VALUES (0);

COMMIT;

