<?xml version="1.0"?>

<LEVEL>

 <BRICKS>
	 <BRICK1>
  		<WIDTH>50</WIDTH>
  		<HEIGHT>15</HEIGHT>	
  		<IMAGEURL>Pictures/Levels/Level3/1.jpg</IMAGEURL>
  		<POSITIONS>
  			<POSITION>
  				<X>75</X>
		  		<Y>25</Y>
	  		</POSITION>
	  		<POSITION>
  				<X>225</X>
		  		<Y>25</Y>
	  		</POSITION>
	  		<POSITION>
  				<X>375</X>
		  		<Y>25</Y>
	  		</POSITION>
	  		<POSITION>
  				<X>525</X>
		  		<Y>25</Y>
	  		</POSITION>
			<POSITION>
  				<X>675</X>
		  		<Y>25</Y>
	  		</POSITION>
  			<POSITION>
  				<X>176</X>
		  		<Y>60</Y>
	  		</POSITION>
	  		<POSITION>
  				<X>276</X>
		  		<Y>60</Y>
	  		</POSITION>
	  		<POSITION>
  				<X>376</X>
		  		<Y>60</Y>
	  		</POSITION>
	  		<POSITION>
  				<X>476</X>
		  		<Y>60</Y>
	  		</POSITION>
	  		<POSITION>
  				<X>576</X>
		  		<Y>60</Y>
	  		</POSITION>
	  		
			<POSITION>
  				<X>197</X>
		  		<Y>130</Y>
	  		</POSITION>
			<POSITION>
  				<X>257</X>
		  		<Y>130</Y>
	  		</POSITION>
  			<POSITION>
  				<X>317</X>
		  		<Y>130</Y>
	  		</POSITION>
	  		<POSITION>
  				<X>377</X>
		  		<Y>130</Y>
	  		</POSITION>
	  		<POSITION>
  				<X>437</X>
		  		<Y>130</Y>
	  		</POSITION>
	  		<POSITION>
  				<X>497</X>
		  		<Y>130</Y>
	  		</POSITION>
			<POSITION>
  				<X>557</X>
		  		<Y>130</Y>
	  		</POSITION>
	  		
			<POSITION>
  				<X>176</X>
		  		<Y>200</Y>
	  		</POSITION>
	  		<POSITION>
  				<X>276</X>
		  		<Y>200</Y>
	  		</POSITION>
	  		<POSITION>
  				<X>376</X>
		  		<Y>200</Y>
	  		</POSITION>
	  		<POSITION>
  				<X>476</X>
		  		<Y>200</Y>
	  		</POSITION>
			<POSITION>
  				<X>576</X>
		  		<Y>200</Y>
	  		</POSITION>
  			<POSITION>
  				<X>75</X>
		  		<Y>235</Y>
	  		</POSITION>
	  		<POSITION>
  				<X>225</X>
		  		<Y>235</Y>
	  		</POSITION>
	  		<POSITION>
  				<X>375</X>
		  		<Y>235</Y>
	  		</POSITION>
	  		<POSITION>
  				<X>525</X>
		  		<Y>235</Y>
	  		</POSITION>
	  		<POSITION>
  				<X>675</X>
		  		<Y>235</Y>
	  		</POSITION>
  		</POSITIONS>	  		
	</BRICK1>
 </BRICKS>
 
 <BACKGROUND>
  <BACKGROUNDURL>Pictures/Levels/Level3/Background.jpg</BACKGROUNDURL>
 </BACKGROUND>

</LEVEL>