<?xml version="1.0"?>

<LEVEL>

 <BRICKS>
	 <BRICK1>
	  	<WIDTH>50</WIDTH>
  		<HEIGHT>25</HEIGHT>	
  		<IMAGEURL>Pictures/Levels/Level2/1.jpg</IMAGEURL>
  		<POSITIONS>
  			<POSITION>
  				<X>75</X>
		  		<Y>75</Y>
	  		</POSITION>
	  		<POSITION>
  				<X>225</X>
		  		<Y>75</Y>
	  		</POSITION>
	  		<POSITION>
  				<X>375</X>
		  		<Y>75</Y>
	  		</POSITION>
	  		<POSITION>
  				<X>525</X>
		  		<Y>75</Y>
	  		</POSITION>
	  		<POSITION>
  				<X>675</X>
		  		<Y>75</Y>
	  		</POSITION>
	  		<POSITION>
  				<X>176</X>
		  		<Y>150</Y>
	  		</POSITION>
	  		<POSITION>
  				<X>276</X>
		  		<Y>150</Y>
	  		</POSITION>
	  		<POSITION>
  				<X>376</X>
		  		<Y>150</Y>
	  		</POSITION>
	  		<POSITION>
  				<X>476</X>
		  		<Y>150</Y>
	  		</POSITION>
	  		<POSITION>
  				<X>576</X>
		  		<Y>150</Y>
	  		</POSITION>
	  		<POSITION>
  				<X>75</X>
		  		<Y>220</Y>
	  		</POSITION>
	  		<POSITION>
  				<X>225</X>
		  		<Y>220</Y>
	  		</POSITION>
	  		<POSITION>
  				<X>375</X>
		  		<Y>220</Y>
	  		</POSITION>
	  		<POSITION>
  				<X>525</X>
		  		<Y>220</Y>
	  		</POSITION>
	  		<POSITION>
  				<X>675</X>
		  		<Y>220</Y>
	  		</POSITION>
  		</POSITIONS>
  	</BRICK1>
  	<BRICK2>
	  	<WIDTH>15</WIDTH>
  		<HEIGHT>30</HEIGHT>	
  		<IMAGEURL>Pictures/Levels/Level2/2.jpg</IMAGEURL>
  		<POSITIONS>
  		  	<POSITION_>
  				<X>165</X>
		  		<Y>72</Y>
	  		</POSITION_>
	  		<POSITION_>
  				<X>315</X>
		  		<Y>72</Y>
	  		</POSITION_>
	  		<POSITION_>
  				<X>465</X>
		  		<Y>72</Y>
	  		</POSITION_>
	  		<POSITION_>
  				<X>615</X>
		  		<Y>72</Y>
	  		</POSITION_>

  		  	<POSITION_>
  				<X>145</X>
		  		<Y>147</Y>
	  		</POSITION_>
  			<POSITION_>
  				<X>245</X>
		  		<Y>147</Y>
	  		</POSITION_>
	  		<POSITION_>
  				<X>345</X>
		  		<Y>147</Y>
	  		</POSITION_>
	  		<POSITION_>
  				<X>445</X>
		  		<Y>147</Y>
	  		</POSITION_>
	  		<POSITION_>
  				<X>545</X>
		  		<Y>147</Y>
	  		</POSITION_>
	  		<POSITION_>
  				<X>645</X>
		  		<Y>147</Y>
	  		</POSITION_>
	  		
  		  	<POSITION_>
  				<X>165</X>
		  		<Y>220</Y>
	  		</POSITION_>
	  		<POSITION_>
  				<X>315</X>
		  		<Y>220</Y>
	  		</POSITION_>
	  		<POSITION_>
  				<X>465</X>
		  		<Y>220</Y>
	  		</POSITION_>
	  		<POSITION_>
  				<X>615</X>
		  		<Y>220</Y>
	  		</POSITION_>
	  	</POSITIONS>
  	</BRICK2>
 </BRICKS>
 
 <BACKGROUND>
 	<BACKGROUNDURL>Pictures/Levels/Level2/Background.jpg</BACKGROUNDURL>
 </BACKGROUND>
 
</LEVEL>