<?xml version="1.0"?>

<LEVEL>

 <BRICKS>
	 <BRICK1>
  		<WIDTH>20</WIDTH>
  		<HEIGHT>20</HEIGHT>	
  		<IMAGEURL>Pictures/Levels/Level4/1.jpg</IMAGEURL>
  	</BRICK1>
  	  	<POSITIONS>
  			<POSITION>
  				<X>90</X>
		  		<Y>25</Y>
	  		</POSITION>
	  		<POSITION>
  				<X>240</X>
		  		<Y>25</Y>
	  		</POSITION>
	  		<POSITION>
  				<X>390</X>
		  		<Y>25</Y>
	  		</POSITION>
	  		<POSITION>
  				<X>540</X>
		  		<Y>25</Y>
	  		</POSITION>
	  		<POSITION>
  				<X>690</X>
		  		<Y>25</Y>
	  		</POSITION>
	  		
	  		
	  		
	  		<POSITION>
  				<X>190</X>
		  		<Y>60</Y>
	  		</POSITION>
	  		<POSITION>
  				<X>290</X>
		  		<Y>60</Y>
	  		</POSITION>
	  		<POSITION>
  				<X>390</X>
		  		<Y>60</Y>
	  		</POSITION>
	  		<POSITION>
  				<X>490</X>
		  		<Y>60</Y>
	  		</POSITION>
	  		<POSITION>
  				<X>590</X>
		  		<Y>60</Y>
	  		</POSITION>
	  		
	  		
	  		<POSITION>
  				<X>30</X>
		  		<Y>130</Y>
	  		</POSITION>
	  		<POSITION>
  				<X>90</X>
		  		<Y>130</Y>
	  		</POSITION>
	  		<POSITION>
  				<X>150</X>
		  		<Y>130</Y>
	  		</POSITION>
	  		<POSITION>
  				<X>210</X>
		  		<Y>130</Y>
	  		</POSITION>
	  		<POSITION>
  				<X>270</X>
		  		<Y>130</Y>
	  		</POSITION>
	  		<POSITION>
  				<X>330</X>
		  		<Y>130</Y>
	  		</POSITION>  		
	  		<POSITION>
  				<X>390</X>
		  		<Y>130</Y>
	  		</POSITION>
	  		<POSITION>
  				<X>450</X>
		  		<Y>130</Y>
	  		</POSITION>
	  		<POSITION>
  				<X>510</X>
		  		<Y>130</Y>
	  		</POSITION>
	  		<POSITION>
  				<X>570</X>
		  		<Y>130</Y>
	  		</POSITION>
	  		<POSITION>
  				<X>630</X>
		  		<Y>130</Y>
	  		</POSITION>
	  		<POSITION>
  				<X>690</X>
		  		<Y>130</Y>
	  		</POSITION>
	  		<POSITION>
  				<X>750</X>
		  		<Y>130</Y>
	  		</POSITION>
	  		
	  		
	  		
	  		<POSITION>
  				<X>190</X>
		  		<Y>200</Y>
	  		</POSITION>
	  		<POSITION>
  				<X>290</X>
		  		<Y>200</Y>
	  		</POSITION>
	  		<POSITION>
  				<X>390</X>
		  		<Y>200</Y>
	  		</POSITION>
	  		<POSITION>
  				<X>490</X>
		  		<Y>200</Y>
	  		</POSITION>
	  		<POSITION>
  				<X>590</X>
		  		<Y>200</Y>
	  		</POSITION>
	  		
	  		
  			<POSITION>
  				<X>90</X>
		  		<Y>235</Y>
	  		</POSITION>
	  		<POSITION>
  				<X>240</X>
		  		<Y>235</Y>
	  		</POSITION>
	  		<POSITION>
  				<X>390</X>
		  		<Y>235</Y>
	  		</POSITION>
	  		<POSITION>
  				<X>540</X>
		  		<Y>235</Y>
	  		</POSITION>
	  		<POSITION>
  				<X>690</X>
		  		<Y>235</Y>
	  		</POSITION>
	  	</POSITIONS>
 </BRICKS>
 
 <BACKGROUND>
  <BACKGROUNDURL>Pictures/Levels/Level4/Background.jpg</BACKGROUNDURL>
 </BACKGROUND>
 
</LEVEL>