<?xml version="1.0"?>

<LEVEL>

 <BRICKS>
 	<BRICK1>
	  	<WIDTH>50</WIDTH>
	  	<HEIGHT>15</HEIGHT>	
	  	<IMAGEURL>Pictures/Levels/Level1/1.jpg</IMAGEURL>
	  	<POSITIONS>
  			<POSITION>
  				<X>150</X>
		  		<Y>75</Y>
	  		</POSITION>
	  		<POSITION>
  				<X>250</X>
		  		<Y>75</Y>
	  		</POSITION>
	  		<POSITION>
  				<X>350</X>
		  		<Y>75</Y>
	  		</POSITION>
	  		<POSITION>
  				<X>450</X>
		  		<Y>75</Y>
	  		</POSITION>
	  		<POSITION>
  				<X>550</X>
		  		<Y>75</Y>
	  		</POSITION>
	  		<POSITION>
  				<X>150</X>
		  		<Y>150</Y>
	  		</POSITION>
	  		<POSITION>
  				<X>250</X>
		  		<Y>150</Y>
	  		</POSITION>
	  		<POSITION>
  				<X>350</X>
		  		<Y>150</Y>
	  		</POSITION>
	  		<POSITION>
  				<X>450</X>
		  		<Y>150</Y>
	  		</POSITION>
	  		<POSITION>
  				<X>550</X>
		  		<Y>150</Y>
	  		</POSITION>
	  		<POSITION>
  				<X>150</X>
		  		<Y>225</Y>
	  		</POSITION>
	  		<POSITION>
  				<X>250</X>
		  		<Y>225</Y>
	  		</POSITION>
	  		<POSITION>
  				<X>350</X>
		  		<Y>225</Y>
	  		</POSITION>
	  		<POSITION>
  				<X>450</X>
		  		<Y>225</Y>
	  		</POSITION>
	  		<POSITION>
  				<X>550</X>
		  		<Y>225</Y>
	  		</POSITION>
	  	</POSITIONS>
   	</BRICK1>
 </BRICKS>
 
 <BACKGROUND>
  <BACKGROUNDURL>Pictures/Levels/Level1/Background.jpg</BACKGROUNDURL>
 </BACKGROUND>
 
</LEVEL>